{"BasicSettingController":{"Data":{"ProgramToRun":"F:\\facultate\\oop\\laborator10\\proiect\\QtGuiApplication1\\x64\\Debug\\QtGuiApplication1.exe","OptionalWorkingDirectory":"F:\\facultate\\oop\\laborator10\\proiect\\QtGuiApplication1\\","Arguments":"","CompileBeforeRunning":true,"OptimizedBuild":false},"IsSelectedByProjectPath":{"QtGuiApplication1.vcxproj":true}},"FilterSettingController":{"AdditionalSourcePatterns":[],"AdditionalModulePatterns":[],"ExcludedSourcePatterns":[],"ExcludedModulePatterns":[],"UnifiedDiffs":[]},"ImportExportSettingController":{"Exports":[],"InputCoverages":[],"CoverChildrenProcesses":false,"AggregateByFile":true},"MiscellaneousSettingController":{"OptionalConfigFile":null,"LogTypeValue":0,"ContinueAfterCppExceptions":false}}